planet_name,star_name,pl_rade,pl_bmasse,pl_orbper,pl_eqt,st_teff,pl_insol,habitability_score,habitable
CoRoT-32 b,CoRoT-32,6.38913,47.6745,6.71837,938.0,5970.0,132.26,0.0,0
EPIC 201595106 b,EPIC 201595106,1.565,7.67,0.87724,2038.0,5679.0,2852.0,0.0,0
EPIC 211945201 b,EPIC 211945201,5.5,11.0,19.491,809.0,6019.0,101.0,0.0,0
EPIC 220674823 b,EPIC 220674823,1.87,8.03,0.571282,2115.0,5496.0,4740.0,0.0,0
EPIC 220674823 b,EPIC 220674823,1.82,9.0,0.571336,2063.0,5496.0,4293.0,0.0,0
EPIC 220674823 b,EPIC 220674823,1.676,7.8,0.5713127,2299.0,5578.0,4656.0,0.0,0
EPIC 220674823 b,EPIC 220674823,1.725,8.21,0.571292,2300.0,5532.0,4670.0,0.0,0
EPIC 220674823 c,EPIC 220674823,3.01,5.0,13.33918,740.0,5496.0,71.0,0.0,0
EPIC 220674823 c,EPIC 220674823,2.84,7.32,13.33989,804.0,5578.0,70.0,0.0,0
EPIC 220674823 c,EPIC 220674823,2.836,8.9,13.3397,805.0,5532.0,70.0,0.0,0
EPIC 220674823 c,EPIC 220674823,2.77,5.7,13.3387,722.0,5496.0,64.0,0.0,0
EPIC 229004835 b,EPIC 229004835,2.18,19.3,16.1388,734.0,5839.0,68.9,0.0,0
EPIC 229004835 b,EPIC 229004835,2.332,10.4,16.141132,804.0,5868.0,69.7,0.0,0
EPIC 246851721 b,EPIC 246851721,11.780659,953.49,6.180235,1401.0,6202.0,642.0,0.0,0
EPIC 248847494 b,EPIC 248847494,12.44199,4131.79,3650.0,183.0,4898.0,0.19,0.2783511729211793,0
EPIC 249893012 b,EPIC 249893012,1.95,8.75,3.5951,1616.0,5430.0,1037.0,0.0,0
EPIC 249893012 c,EPIC 249893012,3.67,14.67,15.624,990.0,5430.0,160.0,0.0,0
EPIC 249893012 d,EPIC 249893012,3.94,10.18,35.747,752.0,5430.0,53.0,0.0,0
G 9-40 b,G 9-40,1.9,4.0,5.7459982,440.6,3395.0,6.27,0.4209502923976608,0
G 9-40 b,G 9-40,2.025,11.7,5.746007,456.0,3348.0,7.2,0.34045584045584043,0
GJ 1132 b,GJ 1132,1.19151465,1.83704819,1.62892911,583.8,3229.0,19.3,0.4042524972966197,0
GJ 1214 b,GJ 1214,2.733,8.41,1.580404531,567.0,3101.0,17.2,0.1579413033462072,0
GJ 1214 b,GJ 1214,2.742,8.17,1.58040433,596.0,3250.0,21.0,0.11835111883656353,0
GJ 3090 b,GJ 3090,2.18,4.52,2.85310198,723.0,3707.0,45.4,0.0,0
GJ 3473 b,GJ 3473,1.264,1.86,1.1980035,773.0,3347.0,59.4,0.1250209836214328,0
GJ 357 b,GJ 357,1.217,1.84,3.93072,525.0,3505.0,12.6,0.48038461767472873,0
GJ 367 b,GJ 367,0.699,0.633,0.3219225,1365.0,3522.0,579.0,0.0,0
GJ 3929 b,GJ 3929,1.09,1.75,2.616235,568.0,3384.0,17.3,0.4577690403378476,0
GJ 3929 b,GJ 3929,1.15,1.21,2.6162745,568.8,3369.0,17.5,0.5188034495149121,0
GJ 486 b,GJ 486,1.343,3.0,1.4671205,706.0,3291.0,41.3,0.14282493588152562,0
GJ 486 b,GJ 486,1.289,2.77,1.46712127,696.3,3317.0,39.2,0.17395847278508614,0
GJ 486 b,GJ 486,1.305,2.82,1.467119,701.0,3340.0,40.3,0.16265692508355756,0
GJ 806 b,GJ 806,1.331,1.9,0.9263237,940.0,3600.0,130.0,0.0,0
GJ 9827 b,GJ 9827,1.529,4.87,1.2089765,1055.0,4294.0,294.0,0.0,0
GJ 9827 b,GJ 9827,1.58,3.69,1.208966,1114.0,4219.0,256.0,0.0,0
GJ 9827 b,GJ 9827,1.62,3.42,1.2089802,1172.0,4269.0,315.0,0.0,0
GJ 9827 b,GJ 9827,1.577,5.14,1.2089819,1175.0,4305.0,318.0,0.0,0
GJ 9827 c,GJ 9827,1.24,1.45,3.64823,771.0,4219.0,59.0,0.17799870226177236,0
GJ 9827 c,GJ 9827,1.201,1.92,3.648095,730.0,4294.0,67.0,0.19215295124433335,0
GJ 9827 c,GJ 9827,1.269,2.42,3.648083,811.0,4269.0,72.0,0.03398467264521418,0
GJ 9827 c,GJ 9827,1.241,1.3,3.648096,813.0,4305.0,73.0,0.143343095931734,0
GJ 9827 d,GJ 9827,2.022,3.53,6.20147,681.0,4305.0,36.0,0.08752045488297289,0
GJ 9827 d,GJ 9827,2.07,5.2,6.201467,680.0,4269.0,35.6,0.058175399479747286,0
GJ 9827 d,GJ 9827,2.04,2.35,6.20142,646.0,4219.0,29.0,0.1774961757752746,0
GJ 9827 d,GJ 9827,1.955,3.42,6.20183,612.0,4294.0,33.0,0.1911719836676089,0
GJ 9827 d,GJ 9827,1.98,3.02,6.20183,675.0,4236.0,34.9,0.11335289985952238,0
GPX-1 b,GPX-1,16.47720163,6261.2196179,1.744579,2300.0,7000.0,4650.0,0.0,0
Gliese 12 b,Gliese 12,0.958,3.87,12.761408,314.6,3296.0,1.62,0.7284828048822826,1
Gliese 12 b,Gliese 12,0.9,10.0,12.76142,315.0,3253.0,1.6,0.6652272727272728,1
HAT-P-19 b,HAT-P-19,11.29865255,88.03846874,4.00878322,981.2,4962.0,154.0,0.0,0
HAT-P-25 b,HAT-P-25,12.722215,180.84527,3.65281514,1182.0,5519.0,325.0,0.0,0
HAT-P-29 b,HAT-P-29,11.926376,243.77561,5.72339,1271.0,6115.0,433.0,0.0,0
HAT-P-32 b,HAT-P-32,22.19382,216.1244,2.1500082,1835.7,6001.0,1841.0,0.0,0
HAT-P-36 b,HAT-P-36,15.210613,611.82275,1.3273466,1820.2,5560.0,1821.0,0.0,0
HAT-P-51 b,HAT-P-51,13.50682174,97.57332095,4.21802091,1168.2,5453.0,310.0,0.0,0
HAT-P-55 b,HAT-P-55,14.84069045,189.42573057,3.5852313,1367.0,5804.0,583.0,0.0,0
HAT-P-58 b,HAT-P-58,14.93036229,118.2321674,4.0138379,1622.0,6078.0,1146.0,0.0,0
HAT-P-59 b,HAT-P-59,12.58768533,489.45574678,4.1419771,1277.8,5678.0,441.4,0.0,0
HAT-P-60 b,HAT-P-60,18.28184752,182.43350562,4.7947813,1772.0,6212.0,1634.0,0.0,0
HAT-P-61 b,HAT-P-61,10.07687365,335.9446262,1.90231289,1505.0,5587.0,849.5,0.0,0
HAT-P-62 b,HAT-P-62,12.02723629,241.86741773,2.6453235,1512.0,5629.0,867.2,0.0,0
HAT-P-63 b,HAT-P-63,12.5428494,195.1466419,3.377728,1237.0,5400.0,387.4,0.0,0
HAT-P-64 b,HAT-P-64,19.08889413,184.34047606,4.007232,1766.0,6457.0,1611.0,0.0,0
HAT-P-65 b,HAT-P-65,18.05766791,176.07693748,2.60544751,1818.0,5872.0,1821.0,0.0,0
HAT-P-68 b,HAT-P-68,12.016048,230.10892,2.29840551,1027.8,4508.0,184.8,0.0,0
HAT-P-9 b,HAT-P-9,15.614137,238.05467,3.92281072,1540.0,6350.0,931.0,0.0,0
HATS-17 b,HATS-17,8.709393,425.25654,16.254611,814.0,5846.0,72.7,0.0,0
HATS-18 b,HATS-18,14.986433,629.3034,0.8378434,2060.0,5600.0,2990.0,0.0,0
HATS-29 b,HATS-29,13.46198582,206.58846455,4.6058827,1230.0,5769.0,356.0,0.0,0
HATS-36 b,HATS-36,13.843115,1022.14128,4.1752387,1356.0,6149.0,561.0,0.0,0
HATS-37 A b,HATS-37 A,6.792654,31.46517,4.3315366,1085.0,5326.0,229.7,0.0,0
HATS-38 b,HATS-38,6.882326,23.51942,4.375021,1294.0,5732.0,464.7,0.0,0
HATS-47 b,HATS-47,12.520453,117.27927,3.9228038,852.9,4512.0,87.73,0.0,0
HATS-48 A b,HATS-48 A,8.9672,77.23269,3.1316666,954.6,4546.0,137.6,0.0,0
HATS-49 b,HATS-49,8.574885,112.19399,4.1480467,834.8,4405.0,80.45,0.0,0
HATS-59 b,HATS-59,12.621334,256.17098,5.416081,1128.0,5670.0,269.0,0.0,0
HATS-60 b,HATS-60,12.923977,210.40346,3.560829,1528.0,5688.0,903.9,0.0,0
HATS-61 b,HATS-61,13.394755,1080.622,7.817953,1226.1,5542.0,374.2,0.0,0
HATS-62 b,HATS-62,11.825495,56.89157,3.2768837,1237.0,5416.0,387.4,0.0,0
HATS-63 b,HATS-63,13.529263,305.1168,3.0566527,1398.3,5627.0,634.1,0.0,0
HATS-64 b,HATS-64,18.819911,305.1168,4.908897,1793.0,6554.0,1711.0,0.0,0
HATS-65 b,HATS-65,16.824709,260.93843,3.105161,1634.0,6277.0,1178.0,0.0,0
HATS-66 b,HATS-66,15.815899,1694.0339,3.1414391,1998.0,6626.0,2637.0,0.0,0
HATS-67 b,HATS-67,18.887165,460.8535,1.6091788,2193.0,6594.0,3821.0,0.0,0
HATS-68 b,HATS-68,13.809488,410.0007,3.5862202,1741.0,6147.0,1521.0,0.0,0
HATS-69 b,HATS-69,10.592505,183.38791,2.2252577,1295.7,5137.0,466.6,0.0,0
HATS-70 b,HATS-70,15.513256,4100.007,1.8882378,2730.0,7930.0,9110.0,0.0,0
HATS-72 b,HATS-72,8.0973816,39.855882,7.3279474,739.3,4656.1,49.58,0.0,0
HATS-74 A b,HATS-74 A,11.56766808,464.02947422,1.73185606,895.1,3776.9,106.9,0.0,0
HATS-75 b,HATS-75,9.90873894,156.05374784,2.7886556,772.3,3790.4,59.26,0.0,0
HATS-76 b,HATS-76,12.09449018,835.570882,1.9416423,939.8,4016.0,129.8,0.0,0
HATS-77 b,HATS-77,13.05846252,436.69623122,3.0876262,828.3,4071.0,78.37,0.0,0
HD 106315 b,HD 106315,2.4,10.5,9.55288,1040.0,6364.0,277.0,0.0,0
HD 106315 c,HD 106315,4.379,12.0,21.05652,799.0,6364.0,97.0,0.0,0
HD 110113 b,HD 110113,2.05,4.55,2.541,1371.0,5732.0,735.49,0.0,0
HD 118203 b,HD 118203,12.73340208,688.41632956,6.134985,1494.0,5683.0,755.3,0.0,0
HD 118203 b,HD 118203,12.06086323,725.28442477,6.1349847,1360.0,5872.0,593.4,0.0,0
HD 135694 b,HD 135694,2.51,5.7,15.92346,815.0,5710.0,73.7,0.0,0
HD 136352 b,HD 136352,1.664,4.72,11.57797,905.0,5664.0,111.6,0.0,0
HD 136352 b,HD 136352,1.482,4.62,11.57779,911.0,5850.0,114.0,0.0,0
HD 136352 c,HD 136352,2.916,11.24,27.59221,677.0,5664.0,35.1,0.0,0
HD 136352 c,HD 136352,2.608,11.29,27.5909,682.0,5850.0,36.0,0.0,0
HD 136352 d,HD 136352,2.562,8.82,107.245,431.0,5664.0,5.74,0.35249851306642876,0
HD 1397 b,HD 1397,11.500434,131.89945,11.53533,1228.3,5521.0,356.0,0.0,0
HD 17156 b,HD 17156,12.26262489,1036.12060682,21.2164294,888.0,6046.0,68.8,0.0,0
HD 183579 b,HD 183579,3.55,19.7,17.471278,769.0,5788.0,58.1,0.0,0
HD 18599 b,HD 18599,2.7,25.5,4.137437,863.0,5083.0,145.0,0.0,0
HD 189733 b,HD 189733,12.542871,370.58978,2.218577,1209.0,5050.0,356.0,0.0,0
HD 191939 b,HD 191939,3.41,10.0,8.8803256,880.0,5348.0,100.0,0.0,0
HD 191939 c,HD 191939,3.195,8.0,28.579743,600.0,5348.0,21.0,0.09806338028169018,0
HD 191939 d,HD 191939,2.995,2.8,38.353037,540.0,5348.0,14.3,0.25730980205103743,0
HD 202772 A b,HD 202772 A,17.317905,323.23311,3.308958,2132.0,6272.0,3440.0,0.0,0
HD 20329 b,HD 20329,1.72,7.42,0.926118,2141.0,5596.0,3474.0,0.0,0
HD 207496 b,HD 207496,2.25,6.1,6.441008,743.0,4819.0,72.9,0.0,0
HD 207897 b,HD 207897,2.501,14.4,16.202159,632.2,5070.0,26.5,0.0627297969701008,0
HD 219134 b,HD 219134,1.602,4.74,3.092926,1015.0,4699.0,176.2,0.0,0
HD 219134 c,HD 219134,1.511,4.36,6.76458,782.0,4699.0,62.1,0.0,0
HD 219134 d,HD 219134,1.61,16.17,46.859,410.5,4699.0,4.72,0.434749390533552,0
HD 219134 f,HD 219134,1.31,7.3,22.717,522.6,4699.0,12.38,0.34427019066541176,0
HD 22946 d,HD 22946,2.607,26.57,47.42489,546.0,6169.0,18.561,0.1680323949056411,0
HD 23472 b,HD 23472,2.0,8.32,17.667087,543.0,4684.0,16.0,0.23189102564102565,0
HD 23472 c,HD 23472,1.87,3.41,29.79749,467.0,4684.0,7.96,0.3997932359649627,0
HD 23472 d,HD 23472,0.75,0.55,3.97664,909.0,4684.0,117.0,0.0,0
HD 23472 e,HD 23472,0.818,0.72,7.90754,723.0,4684.0,46.7,0.28401543993231804,0
HD 23472 f,HD 23472,1.137,0.77,12.1621839,630.0,4684.0,26.3,0.43275468176845355,0
HD 25463 b,HD 25463,2.62,8.5,7.049144,1290.0,6220.0,461.4,0.0,0
HD 25463 c,HD 25463,1.5,4.1,3.04405,1707.0,6220.0,1413.5,0.0,0
HD 260655 b,HD 260655,1.24,2.14,2.76953,709.0,3803.0,42.2,0.19740017753659597,0
HD 260655 c,HD 260655,1.533,3.09,5.70588,557.0,3803.0,16.1,0.31917098377232705,0
HD 3167 b,HD 3167,1.7,5.02,0.959641,1608.0,5261.0,1625.0,0.0,0
HD 3167 b,HD 3167,1.67,4.97,0.959641,1774.0,5261.0,1650.0,0.0,0
HD 3167 c,HD 3167,3.01,9.8,29.8454,511.0,5261.0,16.6,0.2205577967621157,0
HD 3167 c,HD 3167,3.0,11.13,29.8454,564.0,5261.0,16.9,0.14362084456424076,0
HD 332231 b,HD 332231,9.718203,77.55052,18.71204,876.0,6089.0,98.09,0.0,0
HD 5278 b,HD 5278,2.45,7.8,14.339156,943.0,6203.0,132.0,0.0,0
HD 6061 b,HD 6061,2.45,10.8,5.254467,1194.0,5920.0,339.1,0.0,0
HD 63935 b,HD 63935,2.99,10.8,9.058811,911.0,5534.0,115.6,0.0,0
HD 63935 c,HD 63935,2.9,11.1,21.4023,684.0,5534.0,36.7,0.0,0
HD 73583 b,HD 73583,2.79,10.2,6.398042,714.0,4511.0,43.3,0.0,0
HD 73583 b,HD 73583,2.84,15.9,6.3980661,742.7,4582.0,46.2,0.0,0
HD 73583 c,HD 73583,2.39,9.7,18.87974,498.0,4511.0,10.2,0.264784180937181,0
HD 73583 c,HD 73583,2.73,22.5,18.8805,517.8,4582.0,11.76,0.20405677655677662,0
HD 80653 b,HD 80653,1.613,5.72,0.719573,2463.0,5959.0,6130.0,0.0,0
HD 93963 A b,HD 93963 A,1.35,7.8,1.0391353,2042.0,5987.0,2898.0,0.0,0
HD 93963 A c,HD 93963 A,3.228,19.2,3.6451398,1344.0,5987.0,543.8,0.0,0
HD 95338 b,HD 95338,3.89,42.44,55.087,385.0,5212.0,7.42,0.3494674034159084,0
HIP 116454 b,HIP 116454,2.53,10.1,9.0949,745.0,5089.0,51.4,0.0,0
HIP 116454 b,HIP 116454,2.469,9.7,9.1004157,753.2,5048.0,51.2858,0.0,0
HIP 29442 c,TOI-469,1.551,4.5,3.5379559,1123.0,5289.0,451.0,0.0,0
HIP 29442 c,TOI-469,1.58,4.5,3.53796,1217.0,5289.0,373.0,0.0,0
HIP 29442 d,TOI-469,1.37,5.1,6.42975,998.0,5289.0,167.0,0.0,0
HIP 29442 d,TOI-469,1.538,5.14,6.429575,920.0,5289.0,203.0,0.0,0
HIP 41378 b,HIP 41378,2.595,6.89,15.57208,959.0,6320.0,140.0,0.0,0
HIP 41378 c,HIP 41378,2.727,4.4,31.70603,757.0,6320.0,54.0,0.0,0
HIP 41378 d,HIP 41378,3.54,4.6,278.3618,367.0,6320.0,3.01,0.44024093179399004,0
HIP 41378 e,HIP 41378,4.92,12.0,369.0,335.0,6320.0,2.1,0.42069783197831984,0
HIP 41378 f,HIP 41378,9.2,12.0,542.07975,294.0,6320.0,1.24,0.4492753623188406,0
HIP 65 A b,HIP 65 A,22.75427,1021.18779,0.9809734,1411.0,4590.0,661.0,0.0,0
HIP 8152 b,HIP 8152,2.56,7.8,10.75101,855.0,5530.0,88.9,0.0,0
HIP 8152 c,HIP 8152,2.48,9.4,19.6053,699.0,5530.0,39.9,0.0,0
HIP 9618 b,HIP 9618,3.9,10.0,20.772907,663.4,5609.0,40.3,0.0,0
HIP 9618 b,HIP 9618,3.75,8.4,20.77288,685.0,5550.0,36.8,0.0,0
HIP 9618 c,HIP 9618,3.34,7.9,52.5636,503.0,5550.0,10.7,0.2291839317146298,0
HIP 9618 c,HIP 9618,3.343,18.3,52.563491,486.9,5609.0,11.7,0.22988319733428794,0
K2-10 b,K2-10,3.773,25.2,19.30553,649.0,5533.0,42.1,0.0,0
K2-100 b,K2-100,3.57,8.0,1.67389,1720.0,6044.0,2100.0,0.0,0
K2-100 b,K2-100,3.88,21.8,1.6739035,1841.0,5945.0,1915.0,0.0,0
K2-105 b,K2-105,3.4,15.4,8.26726,805.0,5373.0,100.0,0.0,0
K2-108 b,K2-108,5.28,59.4,4.73401,1446.0,5474.0,762.0,0.0,0
K2-108 b,K2-108,5.28,59.4,4.73401,1446.0,5474.0,762.0,0.0,0
K2-110 b,K2-110,2.558,17.0,13.86368,571.0,4868.0,25.3,0.14187062758384564,0
K2-110 b,K2-110,2.592,15.9,13.86375,638.0,5010.0,27.7,0.04849755415793153,0
K2-111 b,K2-111,1.184,5.4,5.35232,1019.0,5832.0,255.0,0.0,0
K2-111 b,K2-111,1.82,5.58,5.3518,1309.0,5775.0,490.0,0.0,0
K2-114 b,K2-114,10.44677001,638.83509807,11.3909311,701.0,4920.0,40.0,0.0,0
K2-12 b,K2-12,2.44,5.2,8.28246,1026.0,5672.0,185.0,0.0,0
K2-121 b,K2-121,7.16,51.0,5.185738,716.0,4526.0,62.5,0.0,0
K2-131 b,K2-131,1.69,7.9,0.3693038,2223.0,5120.0,4070.0,0.0,0
K2-136 b,K2-136,1.014,4.3,7.9752,610.0,4500.0,33.5,0.3184032078039234,0
K2-136 c,K2-136,3.0,18.1,17.30713,470.0,4500.0,11.91,0.26379680785758136,0
K2-136 d,K2-136,1.565,3.0,25.575,420.0,4500.0,7.07,0.508359957401491,0
K2-140 b,K2-140,13.56286665,295.58041851,6.569188,962.0,5585.0,204.0,0.0,0
K2-140 b,K2-140,12.273855,323.86877,6.5693,1114.0,5654.0,188.5,0.0,0
K2-141 b,K2-141,1.51,4.97,0.2803244,2103.0,4570.0,3260.0,0.0,0
K2-141 c,K2-141,7.0,8.0,7.7485,695.0,4570.0,39.1,0.0,0
K2-157 b,K2-157,0.935,1.14,0.3652575,2432.0,5334.0,6660.0,0.0,0
K2-167 b,K2-167,2.3,6.5,9.97748,1174.0,6011.0,317.0,0.0,0
K2-18 b,K2-18,2.461,7.2,32.94112,281.0,3449.0,1.48,0.5538461104338795,0
K2-18 b,K2-18,2.61,8.63,32.940045,254.9,3457.0,1.005,0.5037327630603393,0
K2-180 b,K2-180,2.24179614,11.44182265,8.8665,729.0,5110.0,67.0,0.0,0
K2-180 b,K2-180,2.13,9.4,8.8656,672.0,5166.0,48.3,0.03942663070622319,0
K2-182 b,K2-182,2.69,20.0,4.7369683,969.0,5170.0,146.9,0.0,0
K2-19 b,K2-19,7.0,32.4,7.9222,779.0,5322.0,87.0,0.0,0
K2-19 c,K2-19,4.1,10.8,11.8993,679.0,5322.0,51.0,0.0,0
K2-19 d,K2-19,1.11,10.0,2.5081,1142.0,5322.0,404.0,0.0,0
K2-199 b,K2-199,1.73,6.9,3.2253993,913.0,4491.0,116.2,0.0,0
K2-199 b,K2-199,1.74,7.1,3.225286,842.0,4507.0,119.0,0.0,0
K2-199 c,K2-199,2.67,12.6,7.37442,639.0,4507.0,39.6,0.04866907437132156,0
K2-199 c,K2-199,2.85,12.4,7.3744897,694.0,4491.0,38.6,0.0,0
K2-216 b,K2-216,1.66,6.1,2.174789,967.0,4495.0,207.0,0.0,0
K2-216 b,K2-216,1.75,8.0,2.1748,1103.0,4503.0,248.0,0.0,0
K2-222 b,K2-222,2.35,8.0,15.38857,878.0,5942.0,95.0,0.0,0
K2-222 b,K2-222,2.35,8.7,15.38857,871.0,5942.0,96.0,0.0,0
K2-222 b,K2-222,2.41,5.7,15.3863,801.0,5961.0,98.0,0.0,0
K2-229 b,K2-229,1.26,2.55,0.584272,1763.0,5163.0,2290.0,0.0,0
K2-229 c,K2-229,2.04,7.0,8.3262,727.0,5163.0,66.0,0.0,0
K2-233 b,K2-233,1.315,2.4,2.467583,1127.0,4796.0,269.0,0.0,0
K2-233 c,K2-233,1.272,4.6,7.06024,794.0,4796.0,66.2,0.0,0
K2-233 d,K2-233,2.363,10.3,24.3681,525.0,4796.0,12.7,0.22691680464879949,0
K2-237 b,K2-237,16.19697711,433.20011874,2.18053539,1828.0,6360.0,1860.0,0.0,0
K2-24 b,K2-24,5.4,19.0,20.88977,686.0,5625.0,52.0,0.0,0
K2-24 b,K2-24,5.68,21.0,20.8851,767.0,5743.0,60.0,0.0,0
K2-24 c,K2-24,7.82,27.0,42.3633,606.0,5743.0,24.0,0.007807615799943133,0
K2-24 c,K2-24,7.5,15.4,42.3391,542.0,5625.0,20.0,0.1067027417027417,0
K2-25 b,K2-25,3.44,24.5,3.48456408,494.0,3207.0,9.91,0.21334308917365397,0
K2-261 b,K2-261,9.50521563,67.69745069,11.633478,1030.0,5503.0,180.0,0.0,0
K2-261 b,K2-261,9.52763359,59.75174052,11.633478,1046.0,5445.0,180.0,0.0,0
K2-261 b,K2-261,10.32,56.0,11.63395,973.0,5478.0,212.0,0.0,0
K2-263 b,K2-263,2.41,14.9,50.818947,470.0,5368.0,8.17,0.29183777821097157,0
K2-265 b,K2-265,1.676,4.6,2.36906,1257.0,5435.0,592.0,0.0,0
K2-266 b,K2-266,3.3,11.26782377,0.658524,1515.0,4285.0,879.5,0.0,0
K2-266 c,K2-266,0.705,0.29013072,7.814,664.5,4285.0,32.4,0.28419557381613414,0
K2-266 d,K2-266,2.93,8.9,14.697,538.3,4285.0,13.95,0.188458054777944,0
K2-266 e,K2-266,2.73,14.3,19.482,490.1,4285.0,9.581,0.2501746864246864,0
K2-27 b,K2-27,4.48,30.9,6.771315,902.0,5248.0,116.0,0.0,0
K2-27 b,K2-27,4.74,30.2,6.771347,836.0,5246.0,116.0,0.0,0
K2-277 b,K2-277,2.23,7.4,6.32677,953.0,5705.0,195.0,0.0,0
K2-280 b,K2-280,7.46,49.0,19.895,736.0,5741.0,69.5,0.0,0
K2-285 b,K2-285,2.59,9.68,3.471745,1088.9,4975.0,234.31,0.0,0
K2-285 c,K2-285,3.53,15.68,7.138048,741.4,4975.0,50.35,0.0,0
K2-285 d,K2-285,2.48,6.5,10.45582,619.9,4975.0,24.61,0.10614936586710787,0
K2-285 e,K2-285,1.95,10.7,14.76289,500.9,4975.0,10.5,0.28618909257927955,0
K2-291 b,K2-291,1.589,6.49,2.225177,1278.0,5520.0,633.0,0.0,0
K2-292 b,K2-292,2.63,24.5,16.9841,795.0,5725.0,67.0,0.0,0
K2-3 b,K2-3,2.14,6.48,10.054626,463.0,3896.0,11.0,0.3434276566285912,0
K2-3 b,K2-3,2.25,6.47,10.054626,513.0,3835.0,11.6,0.26720118495620815,0
K2-3 b,K2-3,2.078,5.11,10.0546535,501.3,3844.0,10.5,0.30682800101331814,0
K2-3 c,K2-3,1.69,3.3,24.646582,381.0,3835.0,3.51,0.5392572171418325,0
K2-3 c,K2-3,1.72,2.14,24.646582,344.0,3896.0,3.0,0.6368277427612355,1
K2-3 c,K2-3,1.582,2.68,24.646729,371.8,3844.0,3.17,0.5851847850926573,0
K2-3 d,K2-3,1.458,2.2,44.55603,305.2,3844.0,1.44,0.7182360643471755,1
K2-3 d,K2-3,1.62,1.6,44.556456,312.0,3835.0,1.6,0.7393518518518518,1
K2-3 d,K2-3,1.52,2.8,44.556456,282.0,3896.0,282.0,0.6961779448621553,1
K2-31 b,K2-31,46.0,551.0,1.25784906,1688.0,5340.0,1930.0,0.0,0
K2-32 b,K2-32,5.038,16.3,8.99196,761.0,5274.0,79.5,0.0,0
K2-32 b,K2-32,5.13,16.5,8.99213,817.0,5275.0,77.7,0.0,0
K2-32 c,K2-32,3.01,5.7,20.66093,577.0,5274.0,26.2,0.15091046414485823,0
K2-32 c,K2-32,3.01,12.1,20.6602,619.0,5275.0,25.6,0.06473894029390857,0
K2-32 d,K2-32,3.33,13.7,31.7169,500.0,5274.0,14.8,0.21754345586462373,0
K2-32 d,K2-32,3.43,10.3,31.7154,537.0,5275.0,14.5,0.1707564371102116,0
K2-329 b,K2-329,8.675766,82.6358,12.4551225,650.0,5282.0,45.7,0.0,0
K2-36 b,K2-36,1.43,4.3,1.422614,1328.0,4916.0,519.0,0.0,0
K2-36 b,K2-36,1.291,5.1,1.422586,1200.0,4836.0,492.0,0.0,0
K2-36 b,K2-36,1.43,3.9,1.422614,1224.0,4916.0,529.0,0.0,0
K2-36 c,K2-36,2.41,26.0,5.340786,772.0,4836.0,84.0,0.0,0
K2-36 c,K2-36,3.2,7.8,5.340888,788.0,4916.0,90.0,0.0,0
K2-36 c,K2-36,3.2,7.9,5.340888,854.0,4916.0,89.0,0.0,0
K2-37 d,K2-37,2.31,12.5,14.09229,646.0,5352.0,41.3,0.05664790764790762,0
K2-38 b,K2-38,1.55,12.0,4.01593,1184.0,5757.0,465.9,0.0,0
K2-38 b,K2-38,1.54,7.3,4.01593,1266.0,5731.0,426.0,0.0,0
K2-38 b,K2-38,1.55,6.0,4.01668,1189.0,5679.0,500.0,0.0,0
K2-38 b,K2-38,1.655,7.7,4.01593,1310.0,5705.0,490.0,0.0,0
K2-38 c,K2-38,2.42,9.9,10.56103,858.0,5757.0,128.3,0.0,0
K2-38 c,K2-38,2.18,7.7,10.56104,862.0,5679.0,131.0,0.0,0
K2-38 c,K2-38,2.29,8.3,10.56103,916.0,5731.0,117.0,0.0,0
K2-38 c,K2-38,2.49,7.4,10.56103,949.0,5705.0,135.3,0.0,0
K2-39 b,K2-39,5.71,39.8,4.60497,1670.0,4912.0,1356.0,0.0,0
K2-39 b,K2-39,6.4,37.6,4.60547,1550.0,4915.0,1370.0,0.0,0
K2-415 b,K2-415,1.015,7.5,4.0179694,412.4,3173.0,4.82,0.5627887246852765,0
K2-419 A b,K2-419 A,10.55,196.0,20.35847252,377.0,3711.0,3.3,0.30635552009113287,0
K2-55 b,K2-55,4.43,44.0,2.849271,900.0,4300.0,141.3,0.0,0
K2-66 b,K2-66,2.75,16.0,5.06939,1427.0,5865.0,980.0,0.0,0
K2-66 b,K2-66,2.49,21.3,5.06963,1372.0,5887.0,840.0,0.0,0
K2-73 b,K2-73,2.58,9.2,7.49556,968.0,5867.0,209.0,0.0,0
K2-79 b,K2-79,4.09,9.2,10.9947,1022.0,5897.0,181.0,0.0,0
K2-79 b,K2-79,3.99,3.8,10.99497,925.0,5853.0,174.0,0.0,0
K2-79 b,K2-79,4.09,11.8,10.9947,1021.0,5897.0,180.0,0.0,0
K2-85 b,K2-85,1.4,3.2,0.68453862616,1355.0,4232.0,800.0,0.0,0
K2-98 b,K2-98,4.93,20.0,10.13693,1093.0,6103.0,339.0,0.0,0
K2-99 b,K2-99,12.37,287.0,18.24901,1108.0,6053.0,357.0,0.0,0
KELT-10 b,KELT-10,15.681391,215.80657,4.1662739,1377.0,5948.0,600.0,0.0,0
KELT-11 b,KELT-11,15.35633,61.97685,4.736529,1712.0,5370.0,1433.0,0.0,0
KELT-12 b,KELT-12,19.95202,301.9385,5.031623,1800.0,6279.0,1749.0,0.0,0
KELT-18 b,KELT-18,17.59813,375.0394,2.8717518,2085.0,6670.0,3152.0,0.0,0
KELT-19 A b,KELT-19 A,21.40919,1293.5681,4.6117093,1935.0,7500.0,2340.0,0.0,0
KELT-20 b,KELT-20,19.514869,1074.90106,3.4741085,2262.0,8720.0,4362.5,0.0,0
KELT-21 b,KELT-21,17.777474,1242.7153,3.6127647,2051.0,7598.0,2950.0,0.0,0
KELT-23 A b,KELT-23 A,14.829507,298.12454,2.255251,1561.0,5899.0,991.183,0.0,0
KELT-24 b,KELT-24,12.71098411,1458.83238813,5.55149296,1391.0,6426.0,624.0,0.0,0
KELT-24 b,KELT-24,14.257848,1646.3594,5.5514926,1459.0,6509.0,750.9,0.0,0
KELT-4 A b,KELT-4 A,19.044091,286.68266,2.9895932,1823.0,6206.0,1840.0,0.0,0
KELT-9 b,KELT-9,21.196219,915.3504,1.4811235,4050.0,10170.0,44900.0,0.0,0
KOI-134 b,KOI-134,12.03844527,346.43296363,67.1277,659.0,6160.0,45.0,0.0,0
KOI-4777.01,KOI-4777,0.51,99.2,0.412,1180.0,3515.0,320.0,0.0,0
KPS-1 b,KPS-1,11.54527,346.4347,1.706291,1459.0,5165.0,729.0,0.0,0
Kepler-10 b,Kepler-10,1.47,3.26,0.8374907,2188.0,5708.0,3820.0,0.0,0
Kepler-10 c,Kepler-10,2.355,11.4,45.294301,578.0,5708.0,18.68,0.15092654672775357,0
Kepler-102 b,Kepler-102,0.46,1.1,5.286965,857.0,4909.0,90.0,0.07725468975468971,0
Kepler-102 c,Kepler-102,0.567,1.7,7.071392,777.0,4909.0,61.0,0.1066549334318514,0
Kepler-102 d,Kepler-102,1.154,3.0,10.311767,686.0,4909.0,36.9,0.2071875601771615,0
Kepler-102 e,Kepler-102,2.17,4.7,16.1456994,590.0,4909.0,20.3,0.18263419071586534,0
Kepler-102 f,Kepler-102,0.861,4.3,27.453592,495.0,4909.0,10.0,0.4456563795250832,0
Kepler-103 b,Kepler-103,3.486,9.8,15.9653287,973.0,6009.0,149.9,0.0,0
Kepler-103 c,Kepler-103,5.45,38.0,179.60978,434.0,6009.0,5.95,0.26016283062396056,0
Kepler-107 b,Kepler-107,1.536,3.8,3.1800218,1592.0,5854.0,1073.0,0.0,0
Kepler-107 c,Kepler-107,1.597,10.0,4.901452,1378.0,5854.0,602.0,0.0,0
Kepler-107 d,Kepler-107,0.86,7.7,7.95839,1173.0,5854.0,315.0,0.0,0
Kepler-107 e,Kepler-107,2.903,14.1,14.749143,955.0,5854.0,138.7,0.0,0
Kepler-109 b,Kepler-109,2.49,4.9,6.4816307,1276.0,5950.0,442.0,0.0,0
Kepler-109 c,Kepler-109,2.65,8.2,21.22265,859.0,5950.0,91.0,0.0,0
Kepler-111 c,Kepler-111,7.0840758,222.4798849,224.77833,352.2,5914.0,2.48,0.35453027210168786,0
Kepler-138 b,Kepler-138,0.64,0.07,10.3134,452.0,3841.0,9.9,0.5482508720241119,0
Kepler-138 c,Kepler-138,1.51,2.3,13.7815,410.0,3841.0,6.8,0.5596658348529929,0
Kepler-138 d,Kepler-138,1.51,2.1,23.0923,345.0,3841.0,3.4,0.662365972879218,1
Kepler-1514 b,Kepler-1514,12.419572,1678.1424,217.83184,387.9,6145.0,3.23,0.28558419087715536,0
Kepler-1654 b,Kepler-1654,9.180171,158.915,1047.8356,206.0,5597.0,0.3,0.3206780425992864,0
Kepler-1655 b,Kepler-1655,2.213,5.4,11.8728787,938.0,6148.0,129.1,0.0,0
Kepler-1661 b,Kepler-1661,3.87,17.0,175.06,243.0,5100.0,0.88,0.43266643866849064,0
Kepler-1704 b,Kepler-1704,11.94877343,1322.16617312,988.88112,253.8,5746.0,0.342,0.37783407993221946,0
Kepler-1876 b,Kepler-1876,0.853,2.4,6.99205,1299.0,6104.0,475.0,0.0,0
Kepler-19 b,Kepler-19,2.209,6.1,9.28699,851.0,5541.0,87.6,0.0,0
Kepler-20 b,Kepler-20,1.773,9.7,3.6961049,1187.0,5495.0,331.0,0.0,0
Kepler-20 c,Kepler-20,2.894,11.1,10.8540774,828.0,5495.0,78.7,0.0,0
Kepler-20 d,Kepler-20,2.606,13.4,77.611455,430.0,5495.0,5.71,0.34028479373406695,0
Kepler-20 e,Kepler-20,0.821,0.76,6.0984882,1004.0,5495.0,169.8,0.0,0
Kepler-20 f,Kepler-20,0.952,1.4,19.578328,681.0,5495.0,35.9,0.35471192293711373,0
Kepler-21 b,Kepler-21,1.639,7.5,2.7858212,2015.0,6305.0,2749.0,0.0,0
Kepler-22 b,Kepler-22,2.1,9.1,289.863876,279.0,5596.0,1.013,0.5633241758241758,0
Kepler-278 b,Kepler-278,3.955,56.0,30.1556,586.0,4965.0,110.0,0.0673216041578873,0
Kepler-278 c,Kepler-278,3.268,34.9,51.111,492.0,4965.0,54.3,0.21706192081122375,0
Kepler-323 b,Kepler-323,1.381,3.9,1.678328,1838.0,6004.0,1900.0,0.0,0
Kepler-323 c,Kepler-323,1.57,6.8,3.5538229,1431.0,6004.0,700.0,0.0,0
Kepler-37 b,Kepler-37,0.3098,0.79,13.36702,718.0,5357.0,44.5,0.22820544979272833,0
Kepler-37 c,Kepler-37,0.755,1.3,21.301848,615.0,5357.0,23.9,0.4175664195242507,0
Kepler-37 d,Kepler-37,2.03,2.0,39.7922622,499.0,5357.0,10.39,0.40472769567597155,0
Kepler-391 b,Kepler-391,2.5,1100.0,7.4175,930.0,5038.0,690.0,0.0,0
Kepler-391 c,Kepler-391,2.88,450.0,20.501,662.0,5038.0,179.0,0.0,0
Kepler-409 b,Kepler-409,1.199,6.0,68.9583216,438.0,5421.0,6.15,0.4918751737559076,0
Kepler-454 b,Kepler-454,2.37,5.4,10.5737534,916.0,5687.0,117.7,0.0,0
Kepler-538 b,Kepler-538,2.215,10.6,81.73778,380.0,5547.0,2.99,0.4359642896015825,0
Kepler-538 b,Kepler-538,2.215,12.9,81.73778,417.0,5534.0,5.07,0.3795293278737291,0
Kepler-553 b,Kepler-553,4.74139884,116.00736855,4.030467,1089.0,5191.0,235.0,0.0,0
Kepler-553 c,Kepler-553,11.57887706,2129.4503269,328.24017,251.0,5191.0,0.589,0.37466124077014673,0
Kepler-68 b,Kepler-68,2.357,8.03,5.39875259,1275.0,5847.0,441.0,0.0,0
Kepler-68 c,Kepler-68,0.979,1.3,9.605027,1052.0,5847.0,204.0,0.0,0
Kepler-78 b,Kepler-78,1.201,1.68,0.35500745,2223.0,5058.0,4070.0,0.0,0
Kepler-849 b,Kepler-849,8.08167508,298.75870258,394.62508,362.7,5950.0,2.86,0.3343751720927837,0
Kepler-93 b,Kepler-93,1.478,4.66,4.72673978,1133.0,5669.0,275.0,0.0,0
L 98-59 b,L 98-59,0.837,0.46,2.253114,620.0,3415.0,24.5,0.3916476520517793,0
L 98-59 b,L 98-59,0.85,0.4,2.2531136,627.0,3415.0,24.7,0.377536231884058,0
L 98-59 c,L 98-59,1.385,2.22,3.6906777,553.0,3415.0,12.8,0.38368607777452546,0
L 98-59 c,L 98-59,1.329,2.0,3.6906764,526.0,3415.0,12.7,0.44517807875595683,0
L 98-59 d,L 98-59,1.521,1.94,7.4507245,416.0,3415.0,5.01,0.5741000562570745,0
L 98-59 d,L 98-59,1.627,1.64,7.450729,416.0,3415.0,4.97,0.5895374964812955,0
LHS 1140 b,LHS 1140,1.43,6.65,24.73712,230.0,3131.0,0.46,0.5743474361895415,0
LHS 1140 b,LHS 1140,1.73,5.6,24.73723,226.0,3096.0,0.43,0.540870722084595,0
LHS 1140 b,LHS 1140,1.727,6.98,24.736959,235.0,3216.0,0.503,0.5430804702620902,0
LHS 1140 c,LHS 1140,1.282,1.81,3.777931,438.0,3216.0,6.16,0.5914218833946728,0
LHS 1140 c,LHS 1140,1.272,1.91,3.77794,422.0,3096.0,5.3,0.6068060083198876,1
LHS 1903 b,LHS 1903,1.382,3.28,2.1555098,796.0,3664.0,66.66,0.002984559512744178,0
LHS 1903 c,LHS 1903,2.046,4.55,6.226185,559.0,3664.0,16.2,0.23617274302758173,0
LHS 1903 d,LHS 1903,2.5,5.96,12.566287,442.0,3664.0,6.35,0.35644668158090975,0
LHS 1903 e,LHS 1903,1.732,5.79,29.31773,333.0,3664.0,2.05,0.5625236331654082,0
LHS 3844 b,LHS 3844,1.286,2.37,0.462929709,816.0,3080.0,73.67,0.02653043814923453,0
LP 791-18 c,LP 791-18,2.438,7.1,4.9899093,324.4,2960.0,2.637,0.5147496472775217,0
LP 791-18 d,LP 791-18,1.032,0.9,2.753436,395.5,2960.0,5.83,0.8141193915903218,1
LP 890-9 b,LP 890-9,1.32,13.2,2.7299025,396.0,2850.0,4.09,0.5,0
LP 890-9 c,LP 890-9,1.367,25.3,8.457463,272.0,2850.0,0.906,0.6090941539050696,1
LTT 1445 A b,LTT 1445 A,1.305,2.87,5.3587657,424.0,3340.0,5.4,0.5455257853071142,0
LTT 1445 A c,LTT 1445 A,1.147,1.54,3.1239035,508.0,3340.0,10.9,0.5508015137047395,0
LTT 3780 b,LTT 3780,1.332,2.62,0.768448,892.0,3331.0,106.0,0.0,0
LTT 3780 b,LTT 3780,1.35,2.34,0.768377,1000.0,3360.0,116.0,0.0,0
LTT 3780 b,LTT 3780,1.325,2.46,0.76837931,903.0,3358.0,111.0,0.0,0
LTT 3780 c,LTT 3780,2.39,8.04,12.252284,359.0,3358.0,2.76,0.46422533427701107,0
LTT 3780 c,LTT 3780,2.42,6.29,12.252131,397.0,3360.0,2.88,0.420272806836978,0
LTT 3780 c,LTT 3780,2.3,8.6,12.2519,353.0,3331.0,2.63,0.4750407257611505,0
NGTS-1 b,NGTS-1,14.90797,258.07796,2.647298,790.0,3916.0,65.3,0.0,0
NGTS-12 b,NGTS-12,11.747032,66.10864,7.532806,1257.0,5690.0,416.0,0.0,0
NGTS-13 b,NGTS-13,12.800678,1538.2972,4.119027,1605.0,5819.0,1096.0,0.0,0
NGTS-15 b,NGTS-15,12.32987877,238.68913366,3.27623,1146.0,5600.0,425.0,0.0,0
NGTS-16 b,NGTS-16,14.57167491,211.99154747,4.84532,1177.0,5550.0,480.0,0.0,0
NGTS-17 b,NGTS-17,13.89913607,242.82090295,3.24253,1457.0,5650.0,1160.0,0.0,0
NGTS-18 b,NGTS-18,13.56286665,129.99181846,3.05125,1381.0,5610.0,845.0,0.0,0
NGTS-26 b,NGTS-26,14.88552637,92.80589484,4.5199279,1331.0,5550.0,523.0,0.0,0
NGTS-27 b,NGTS-27,15.64773706,188.47224535,3.3704181,1783.0,5700.0,1680.0,0.0,0
NGTS-31 b,NGTS-31,18.04645893,355.96781584,4.162734,1410.0,5710.0,643.0,0.0,0
NGTS-32 b,NGTS-32,15.91675259,181.16219199,3.31211,1750.0,5680.0,1554.0,0.0,0
NGTS-33 b,NGTS-33,18.38272835,1153.71711741,2.827972,1991.0,7437.0,2620.0,0.0,0
NGTS-8 b,NGTS-8,12.21781,295.5819,2.4997,1345.0,5241.0,503.0,0.0,0
NGTS-9 b,NGTS-9,11.99363,921.707,4.43527,1448.0,6330.0,729.0,0.0,0
PH2 b,PH2,9.33708092,87.08498352,282.52542,295.1,5734.0,1.2,0.42571375577945236,0
Qatar-3 b,Qatar-3,12.285064,1369.8473,2.5079204,1681.0,6007.0,1330.0,0.0,0
Qatar-4 b,Qatar-4,12.722215,1938.763,1.8053564,1385.0,5215.0,614.0,0.0,0
Qatar-5 b,Qatar-5,12.408363,1373.0256,2.8792319,1415.0,5747.0,669.0,0.0,0
Ross 176 b,Ross 176,1.84,4.57,5.0066338,682.0,4041.0,36.2,0.08146677026184206,0
TIC 139270665 b,TIC 139270665,7.22979255,147.15455244,23.624,703.0,5844.0,40.3,0.0,0
TIC 393818343 b,TIC 393818343,12.18416202,1379.37528638,16.24921,805.5,5756.0,2.28,0.0,0
TOI-1052 b,TOI-1052,2.87,16.9,9.139703,1135.0,6146.0,246.0,0.0,0
TOI-1062 b,TOI-1062,2.265,10.15,4.11296,1077.0,5328.0,232.0,0.0,0
TOI-1064 b,TOI-1064,2.587,13.5,6.443868,784.0,4734.0,62.9,0.0,0
TOI-1064 c,TOI-1064,2.651,2.5,12.226574,634.0,4734.0,26.8,0.15260928789974432,0
TOI-1075 b,TOI-1075,1.791,9.95,0.6047328,1323.0,3875.0,509.2,0.0,0
TOI-1080 b,TOI-1080,1.2,10.7,3.9652482,368.0,3065.0,4.35,0.5669262720664591,0
TOI-1107 b,TOI-1107,14.57167491,1064.72516345,4.0782387,1728.0,6311.0,532.0,0.0,0
TOI-1117 b,TOI-1117,2.46,8.9,2.22816,1538.0,5635.0,928.0,0.0,0
TOI-1130 b,TOI-1130,3.56,19.28,4.07445,632.17,4350.0,78.1,0.021815940007563164,0
TOI-1130 c,TOI-1130,13.32,325.69,8.350231,497.7,4350.0,30.0,0.1321936438341993,0
TOI-1135 b,TOI-1135,9.91994792,58.79825529,8.0277327,1171.0,6320.0,310.0,0.0,0
TOI-1173 b,TOI-1173,9.19,27.4,7.06466,868.0,5350.0,132.0,0.0,0
TOI-1201 b,TOI-1201,2.415,6.28,2.4919863,703.0,3476.0,40.6,0.0,0
TOI-1203 b,TOI-1203,1.52,3.51,4.1572888,1361.2,5737.0,572.2,0.0,0
TOI-1203.01,TOI-1203,2.918,7.39,25.502672,743.6,5737.0,51.0,0.0,0
TOI-1221 b,TOI-1221,2.91,1112.3994245,91.68278,440.0,5592.0,6.06,0.2922513596964572,0
TOI-1231 b,TOI-1231,3.65,15.4,24.245586,329.6,3553.0,1.93,0.4438945225246595,0
TOI-1235 b,TOI-1235,1.738,6.91,3.444729,754.0,3872.0,53.6,0.0,0
TOI-1235 b,TOI-1235,1.694,5.9,3.444717,775.0,3997.0,60.3,0.0,0
TOI-1238 b,TOI-1238,1.21,3.76,0.764597,1133.0,4089.0,442.0,0.0,0
TOI-1238 c,TOI-1238,2.11,8.32,3.294736,695.0,4089.0,63.0,0.012960009316644386,0
TOI-1246 b,TOI-1246,3.01,8.1,4.30744,955.0,5151.0,196.0,0.0,0
TOI-1246 c,TOI-1246,2.51,8.8,5.904144,860.0,5151.0,129.0,0.0,0
TOI-1246 d,TOI-1246,3.51,5.3,18.6559,586.0,5151.0,28.0,0.1281849701661022,0
TOI-1246 e,TOI-1246,3.78,14.8,37.9216,462.0,5151.0,11.0,0.257968682968683,0
TOI-125 b,TOI-125,2.726,9.5,4.65382,1037.0,5320.0,185.0,0.0,0
TOI-125 c,TOI-125,2.759,6.63,9.15059,827.8,5320.0,77.59,0.0,0
TOI-125 d,TOI-125,2.93,13.6,19.98,638.1,5320.0,26.7,0.03819790202770519,0
TOI-1260 b,TOI-1260,2.34,8.6,3.12748,860.0,4227.0,91.0,0.0,0
TOI-1260 b,TOI-1260,2.41,8.56,3.127463,871.0,4227.0,95.58,0.0,0
TOI-1260 c,TOI-1260,2.82,11.8,7.49325,643.0,4227.0,28.4,0.038751151981408036,0
TOI-1260 c,TOI-1260,2.76,13.2,7.493134,651.0,4227.0,29.81,0.027256258234519083,0
TOI-1260 d,TOI-1260,3.12,11.84,16.608164,499.0,4227.0,10.32,0.22843612843612843,0
TOI-1266 b,TOI-1266,2.37,13.5,10.894843,413.0,3600.0,4.9,0.3751933895921237,0
TOI-1266 b,TOI-1266,2.62,4.23,10.894841,425.0,3618.0,5.5,0.3951480248317182,0
TOI-1266 b,TOI-1266,2.458,15.9,10.894879,410.0,3573.0,4.72,0.37147392760216497,0
TOI-1266 c,TOI-1266,2.13,2.88,18.801611,354.0,3618.0,2.7,0.5533450704225352,0
TOI-1266 c,TOI-1266,1.673,6.4,18.80152,347.1,3573.0,2.42,0.544110256027097,0
TOI-1266 c,TOI-1266,1.56,2.2,18.80151,344.0,3600.0,2.3,0.6508935508935508,1
TOI-1295 b,TOI-1295,15.69257298,451.31633794,3.1968838,2360.0,6280.0,1800.0,0.0,0
TOI-132 b,TOI-132,3.42,22.4,2.1097019,1395.0,5397.0,860.0,0.0,0
TOI-1386 b,TOI-1386,6.05284958,47.03860424,25.83839,676.4,5793.0,34.68,0.0,0
TOI-1416 b,TOI-1416,1.62,3.48,1.0697568,1517.0,4884.0,883.0,0.0,0
TOI-1420 b,TOI-1420,11.89,25.1,6.9561063,957.0,5510.0,139.0,0.0,0
TOI-1431 b,TOI-1431,16.70138124,991.62462984,2.650237,2370.0,7690.0,5300.0,0.0,0
TOI-1438 b,TOI-1438,3.04,9.4,5.13967,971.0,5230.0,145.0,0.0,0
TOI-1438 c,TOI-1438,2.75,10.6,9.428089,794.0,5230.0,65.0,0.0,0
TOI-1448 b,TOI-1448,2.749,19.5,8.112245,426.0,3412.0,5.45,0.332848541660837,0
TOI-1452 b,TOI-1452,1.672,4.82,11.06201,326.0,3185.0,1.8,0.5888887234432114,0
TOI-1453 b,TOI-1453,1.173,2.32,4.3135225,944.2,4975.0,132.6,0.0,0
TOI-1453 c,TOI-1453,2.224,2.95,6.5886982,819.8,4975.0,75.3,0.0,0
TOI-1468 b,TOI-1468,1.401,3.04,1.8805201,683.5,3376.0,36.4,0.16351141728339405,0
TOI-1468 b,TOI-1468,1.28,3.21,1.8805136,682.2,3496.0,36.0,0.18033294392523358,0
TOI-1468 c,TOI-1468,2.064,6.64,15.532482,337.5,3496.0,2.15,0.5217795601008686,0
TOI-1468 c,TOI-1468,2.126,4.1,15.532477,338.1,3376.0,2.13,0.5446974642253477,0
TOI-1470 b,TOI-1470,2.18,7.32,2.527093,734.0,3709.0,46.3,0.0,0
TOI-1470 c,TOI-1470,2.47,7.24,18.08816,373.0,3709.0,3.35,0.4448383984113848,0
TOI-1518 b,TOI-1518,21.05046575,581.62598481,1.90261131,2546.0,7299.0,7010.0,0.0,0
TOI-157 b,TOI-157,14.414774,375.0394,2.0845435,1588.0,5404.0,1062.0,0.0,0
TOI-1634 b,TOI-1634,1.79,4.91,0.989343,924.0,3550.0,121.0,0.0,0
TOI-1685 b,TOI-1685,1.7,3.78,0.6691403,1069.0,3434.0,217.0,0.0,0
TOI-1685 b,TOI-1685,1.468,3.03,0.66913924,1062.0,3575.0,236.0,0.0,0
TOI-1685 b,TOI-1685,1.421,3.07,0.66913923,1000.0,3470.0,213.0,0.0,0
TOI-169 b,TOI-169,12.172974,251.40353,2.2554477,1715.0,5880.0,1443.0,0.0,0
TOI-1695 b,TOI-1695,1.9,6.36,3.1342791,698.0,3690.0,39.0,0.03562010371841549,0
TOI-1695 b,TOI-1695,2.03,5.5,3.134279,590.0,3650.0,27.0,0.18288426133253718,0
TOI-1696 b,TOI-1696,3.24,56.6,2.50031,533.0,3168.0,13.5,0.1576151681717053,0
TOI-1710 b,TOI-1710,5.15,18.4,24.283382,730.0,5730.0,33.0,0.0,0
TOI-172 b,TOI-172,10.816685,1722.6386,9.47725,1198.0,5645.0,299.0,0.0,0
TOI-1728 b,TOI-1728,5.05,26.78,3.49151,767.0,3980.0,57.78,0.0,0
TOI-1736 b,TOI-1736,3.05,11.9,7.073091,1186.0,5670.0,329.6,0.0,0
TOI-1759 b,TOI-1759,3.14,10.8,18.85019,443.0,4065.0,6.39,0.30804140127388535,0
TOI-1789 b,TOI-1789,16.14093221,222.4798849,3.208664,1927.0,5991.0,2300.0,0.0,0
TOI-1803 b,TOI-1803,2.99,10.32,6.293287,747.0,4687.0,58.0,0.0,0
TOI-1803 c,TOI-1803,4.29,8.0,12.885779,588.0,4687.0,22.0,0.09076340326340322,0
TOI-181 b,TOI-181,6.9559,46.1687,4.532,895.1,4994.0,102.43,0.0,0
TOI-1899 b,TOI-1899,12.89035,209.7678,29.02,362.0,3841.0,2.9,0.32192559875930865,0
TOI-1899 b,TOI-1899,11.09689089,212.94503269,29.090312,378.0,3926.0,3.4,0.30344341368466454,0
TOI-1937 A b,TOI-1937 A,13.97759893,638.83509807,0.94667944,2097.0,5814.0,3230.0,0.0,0
TOI-198 b,TOI-198,1.36,3.17,10.215213,456.0,3801.0,7.2,0.48189212593554764,0
TOI-2000 b,TOI-2000,2.7,11.0,3.09833,1488.0,5611.0,628.0,0.0,0
TOI-2000 c,TOI-2000,8.14,81.7,9.127055,1038.0,5611.0,149.0,0.0,0
TOI-2010 b,TOI-2010,11.81426566,408.7273314,141.834025,400.2,5929.0,4.09,0.27029368212900967,0
TOI-2015 b,TOI-2015,3.309,9.2,3.348237,530.9,3297.0,13.185,0.18590941591005647,0
TOI-2015 b,TOI-2015,3.39,16.4,3.348968,512.0,3194.0,11.47,0.1956771470369571,0
TOI-2031 A b,TOI-2031 A,14.20177855,254.2627256,5.71548654,1358.0,6490.0,567.0,0.0,0
TOI-2095 b,TOI-2095,1.25,4.1,17.66484,347.0,3759.0,3.43,0.6312262872628727,1
TOI-2095 c,TOI-2095,1.33,7.4,28.17232,297.0,3759.0,1.84,0.6536044503149767,1
TOI-2120 b,TOI-2120,2.122,6.8,5.7998164,384.0,3131.0,3.61,0.45216037404594267,0
TOI-2134 b,TOI-2134,2.69,9.13,9.2292005,666.0,4580.0,32.0,0.01938287112627598,0
TOI-2134 c,TOI-2134,7.27,41.89,95.5,306.0,4580.0,1.4,0.42342708830325576,0
TOI-2136 b,TOI-2136,2.09,15.0,7.85191,403.0,3366.0,4.4,0.40381844763423713,0
TOI-2136 b,TOI-2136,2.2,4.7,7.851925,378.0,3373.0,4.82,0.4751934235976789,0
TOI-2136 b,TOI-2136,2.19,6.37,7.851928,395.0,3342.0,4.0,0.43547095164022753,0
TOI-2141 b,TOI-2141,3.147,20.1,18.261608,728.0,5635.0,47.3,0.0,0
TOI-216.01,TOI-216,11.29,200.0,34.556,497.0,5026.0,10.1,0.13779440999901585,0
TOI-216.02,TOI-216,7.69,30.0,17.089,628.0,5026.0,25.9,0.0,0
TOI-2169 A b,TOI-2169 A,12.50922246,329.58805806,8.2148282,1364.0,6270.0,577.0,0.0,0
TOI-2180 b,TOI-2180,11.32107051,875.61726129,260.79,348.0,5695.0,2.71,0.3435085429161722,0
TOI-2193 A b,TOI-2193 A,19.83989584,298.75870258,2.1225735,1763.0,5966.0,1600.0,0.0,0
TOI-2196 b,TOI-2196,3.51,26.0,1.1947268,1860.0,5634.0,2000.0,0.0,0
TOI-2207 b,TOI-2207,11.1529358,203.41018048,8.001968,1259.0,6101.0,406.0,0.0,0
TOI-2236 b,TOI-2236,14.36991326,502.16888306,3.5315902,1688.0,6248.0,1356.0,0.0,0
TOI-2285 b,TOI-2285,1.74,19.5,27.26955,284.0,3491.0,1.54,0.5822428529325081,0
TOI-2322 b,TOI-2322,0.994,2.31,11.30717,603.1,4664.0,22.04,0.390441976567722,0
TOI-2322 c,TOI-2322,1.874,18.1,20.225528,496.8,4664.0,10.15,0.2866599645040891,0
TOI-2345 b,TOI-2345,1.504,3.49,1.0528573,1478.0,4687.0,791.0,0.0,0
TOI-2345 c,TOI-2345,2.451,7.27,21.064302,544.0,4687.0,14.57,0.20810893980523537,0
TOI-2346 b,TOI-2346,16.11851425,394.10722468,3.3312029,1689.0,6480.0,1360.0,0.0,0
TOI-2364 b,TOI-2364,8.60849718,71.51139158,4.0197517,1091.0,5306.0,237.0,0.0,0
TOI-2379 b,TOI-2379,11.72459381,1830.69162432,5.4693827,624.0,3707.0,25.3,0.0,0
TOI-238 b,TOI-238,1.402,3.4,1.2730991,1311.0,5059.0,728.0,0.0,0
TOI-238 b,TOI-238,1.559,3.37,1.273099,1378.0,5059.0,753.1,0.0,0
TOI-238 c,TOI-238,2.18,6.7,8.465651,696.0,5059.0,58.3,0.015724131635400908,0
TOI-2382 b,TOI-2382,12.25141591,235.19302118,4.6612061,1426.0,6033.0,689.0,0.0,0
TOI-2384 b,TOI-2384,11.48920522,624.85064816,2.13570304,889.7,3943.0,104.3,0.0,0
TOI-2406 b,TOI-2406,2.86,15.6,3.0766891,449.0,3100.0,6.69,0.30051476301476304,0
TOI-2421 b,TOI-2421,10.36830715,105.83685953,4.3474032,1534.0,5607.0,923.6,0.0,0
TOI-244 b,TOI-244,1.52,2.68,7.397225,458.0,3433.0,7.3,0.4731976084489832,0
TOI-2458 b,TOI-2458,2.83,13.31,3.73659,1509.4,6005.0,865.0,0.0,0
TOI-2567 b,TOI-2567,10.92875618,63.88350981,5.983944,1352.0,5611.0,558.0,0.0,0
TOI-257 b,TOI-257,7.16253867,43.86032017,18.38818,1027.0,6095.0,186.0,0.0,0
TOI-2570 b,TOI-2570,13.64132951,260.61929374,2.9887615,1431.0,5771.0,699.0,0.0,0
TOI-2580 b,TOI-2580,17.37392009,200.23189641,3.39775,2410.0,6120.0,1730.0,0.0,0
TOI-2583 A b,TOI-2583 A,14.4595851,79.45710175,4.5207265,1456.0,5936.0,750.9,0.0,0
TOI-2587 A b,TOI-2587 A,12.07207221,69.28659273,5.45664,1445.0,5760.0,728.0,0.0,0
TOI-2641 b,TOI-2641,18.10250383,122.6817651,4.880974,1387.0,6100.0,602.0,0.0,0
TOI-269 b,TOI-269,2.77,8.8,3.6977104,531.0,3514.0,19.0,0.204894158188382,0
TOI-2796 b,TOI-2796,17.26183028,139.84449908,4.8084983,1205.0,5764.0,352.0,0.0,0
TOI-2803 A b,TOI-2803 A,18.11371281,309.88269682,1.96229325,1893.0,6280.0,2150.0,0.0,0
TOI-2818 b,TOI-2818,15.27784069,225.65816897,4.039709,1376.0,5721.0,598.0,0.0,0
TOI-283 b,TOI-283,2.34,6.54,17.61745,661.0,5213.0,30.4,0.0560211322826002,0
TOI-2842 b,TOI-2842,12.84549188,117.59651059,3.5514058,1471.0,5910.0,781.8,0.0,0
TOI-2876 b,TOI-2876,9.6397234,54.03082919,6.2996431,929.0,5271.0,124.2,0.0,0
TOI-2886 b,TOI-2886,18.6405349,444.9597698,1.60200105,1978.0,6240.0,2560.0,0.0,0
TOI-2969 b,TOI-2969,12.32987877,368.68095212,1.8237146,1186.0,4738.0,382.0,0.0,0
TOI-2977 b,TOI-2977,13.15934334,533.95172376,2.3505614,1544.0,5691.0,947.8,0.0,0
TOI-2986 b,TOI-2986,9.292245,96.61983573,3.2783662,1622.0,5906.0,1156.0,0.0,0
TOI-2989 b,TOI-2989,12.55405838,953.485221,3.122832,1001.0,4672.0,124.0,0.0,0
TOI-2992 b,TOI-2992,13.75341932,1058.36859531,3.007812,1726.0,6000.0,1484.0,0.0,0
TOI-3023 b,TOI-3023,16.43236571,197.05361234,3.9014971,1596.0,5760.0,1084.0,0.0,0
TOI-3135 b,TOI-3135,13.65253849,327.36325921,3.7065585,1292.0,5890.0,464.0,0.0,0
TOI-3160 A b,TOI-3160 A,13.7646283,378.21580433,3.971281,1539.0,6190.0,933.0,0.0,0
TOI-3261 b,TOI-3261,3.82,30.3,0.8831331,1722.0,5068.0,1466.0,0.0,0
TOI-3288 b,TOI-3288,12.24020692,536.17652261,1.4338647,973.0,4072.0,213.8,0.0,0
TOI-3288 b,TOI-3288,11.2089807,670.61793877,1.4338635,1059.0,3933.0,239.0,0.0,0
TOI-3331 A b,TOI-3331 A,12.97999965,721.47048389,2.0180231,1488.0,5609.0,818.5,0.0,0
TOI-3364 b,TOI-3364,12.22899794,530.77343969,5.8768918,1264.0,5706.0,425.0,0.0,0
TOI-3464 b,TOI-3464,13.7646283,397.28550875,3.6515568,1693.0,6370.0,1370.0,0.0,0
TOI-3474 b,TOI-3474,14.67255574,193.87532827,3.8795105,1451.0,6020.0,740.0,0.0,0
TOI-3486 b,TOI-3486,10.5700688,99.16246298,2.21778105,1190.0,4930.0,334.0,0.0,0
TOI-3493 b,TOI-3493,3.22,8.97,8.1594667,1102.0,5844.0,245.0,0.0,0
TOI-3523 A b,TOI-3523 A,15.9727975,435.42491759,2.30458952,1984.0,6450.0,2590.0,0.0,0
TOI-3540 A b,TOI-3540 A,23.53885947,375.03752026,3.119999,1498.0,5810.0,841.3,0.0,0
TOI-3593 b,TOI-3593,11.02963701,565.73456446,3.8212867,1170.0,5550.0,308.0,0.0,0
TOI-3629 b,TOI-3629,8.29464572,77.2323029,3.9365578,711.0,3865.0,43.0,0.0,0
TOI-3629 b,TOI-3629,8.29464572,82.63538582,3.936551,690.0,3870.0,39.0,0.0,0
TOI-3682 b,TOI-3682,12.80065596,69.28659273,3.3462406,1657.0,5703.0,1258.0,0.0,0
TOI-3688 A b,TOI-3688 A,13.08088048,311.47183886,3.246075,1534.0,5950.0,924.3,0.0,0
TOI-3693 b,TOI-3693,12.59889431,324.18497514,9.088516,801.0,5321.0,68.6,0.0,0
TOI-3714 b,TOI-3714,11.32107051,212.94503269,2.154849,781.0,3660.0,62.0,0.0,0
TOI-3714 b,TOI-3714,11.32107051,222.4798849,2.154849,750.0,3660.0,54.0,0.0,0
TOI-3714 b,TOI-3714,11.14172682,218.98377242,2.15484802,764.0,3652.0,57.0,0.0,0
TOI-375 b,TOI-375,10.77183045,236.78216321,9.45469,1373.0,5259.9,593.3,0.0,0
TOI-3757 b,TOI-3757,12.0,85.3,3.438753,759.0,3913.0,55.4,0.0,0
TOI-3785 b,TOI-3785,5.14,14.95,4.6747373,582.0,3576.0,19.1,0.07009931505363753,0
TOI-3807 b,TOI-3807,18.49481816,330.54154328,2.8989727,1646.0,5772.0,1230.0,0.0,0
TOI-3819 b,TOI-3819,13.13692538,352.78953177,3.2443141,1633.0,5859.0,1186.0,0.0,0
TOI-3856 b,TOI-3856,13.59649359,171.62733978,2.04360352,1544.0,5622.0,949.0,0.0,0
TOI-3877 b,TOI-3877,11.67975789,99.7981198,4.123596,1445.0,5731.0,729.0,0.0,0
TOI-3884 b,TOI-3884,6.0,16.5,4.5445697,463.0,3269.0,7.42,0.22512626262626265,0
TOI-3884 b,TOI-3884,6.43,32.59,4.5445828,441.0,3180.0,6.29,0.24336157629285476,0
TOI-3912 b,TOI-3912,14.28024141,129.03833324,3.4936264,1512.0,5725.0,872.2,0.0,0
TOI-3976 A b,TOI-3976 A,12.27383387,55.61997123,6.607662,1295.0,5975.0,469.0,0.0,0
TOI-3980 b,TOI-3980,14.4595851,187.51876013,3.6089254,1621.0,5840.0,1153.0,0.0,0
TOI-3984 A b,TOI-3984 A,7.9,44.0,4.353326,563.0,3476.0,16.7,0.06284842091804115,0
TOI-4010 b,TOI-4010,3.02,11.0,1.348335,1441.0,4960.0,714.0,0.0,0
TOI-4010 c,TOI-4010,5.93,20.31,5.414654,907.0,4960.0,112.0,0.0,0
TOI-4010 d,TOI-4010,6.18,38.15,14.70886,650.0,4960.0,30.0,0.0,0
TOI-406 c,TOI-406,1.32,2.08,3.307441,584.0,3392.0,19.0,0.3603923853923854,0
TOI-406.01,TOI-406,2.08,6.57,13.175682,368.0,3392.0,3.0,0.47878175857627914,0
TOI-4087 b,TOI-4087,13.04725353,232.01473711,3.1774835,1458.0,6060.0,753.9,0.0,0
TOI-411 b,HD 22946,1.362,13.71,4.040295,1241.0,6169.0,495.139,0.0,0
TOI-411 c,HD 22946,2.328,9.72,9.573083,931.0,6169.0,156.75,0.0,0
TOI-4127 b,TOI-4127,12.28504285,731.0053361,56.39879,605.1,6096.0,22.3,0.0,0
TOI-4137 b,TOI-4137,13.57407563,457.67290608,3.8016122,1570.0,6202.0,1013.0,0.0,0
TOI-4145 A b,TOI-4145 A,13.30506009,136.66621501,4.0664428,1074.0,5281.0,223.0,0.0,0
TOI-4201 b,TOI-4201,12.66614819,816.81900599,3.5819134,750.0,3926.0,53.0,0.0,0
TOI-4201 b,TOI-4201,13.67495645,788.21444936,3.5819194,725.0,3794.0,45.2,0.0,0
TOI-4201 b,TOI-4201,12.69,825.0,3.5819232,739.0,3920.0,49.6,0.0,0
TOI-421 b,TOI-421,2.68,7.17,5.19672,981.4,5325.0,154.57,0.0,0
TOI-421 c,TOI-421,5.09,16.42,16.06819,673.6,5325.0,34.32,0.0,0
TOI-4214 b,TOI-4214,10.68215861,165.27077164,3.4913885,1642.0,6370.0,1210.0,0.0,0
TOI-4336 A b,TOI-4336 A,2.137,3.33,16.336351,309.4,3307.0,1.53,0.6007515833568712,1
TOI-4336 A c,TOI-4336 A,1.251,1.55,7.587266,399.5,3307.0,4.24,0.6784954294628813,1
TOI-4342 b,TOI-4342,2.329,7.3,5.5382592,639.0,3866.0,27.8,0.08240653875788888,0
TOI-4342 c,TOI-4342,2.349,4.8,10.688662,514.0,3866.0,11.6,0.2763250319284802,0
TOI-4438 b,TOI-4438,2.52,5.4,7.44628,435.0,3422.0,6.0,0.37043650793650795,0
TOI-4463 A b,TOI-4463 A,13.26022417,252.35575516,2.8807198,1395.0,5640.0,633.0,0.0,0
TOI-4487 A b,TOI-4487 A,14.60530185,397.28550875,3.9540709,1639.0,6206.0,1203.0,0.0,0
TOI-451 b,TOI-451,1.84,4.7,1.8587033,1474.0,5490.0,786.0,0.0,0
TOI-451 c,TOI-451,2.93,3.7,9.192463,865.0,5490.0,93.0,0.0,0
TOI-451 d,TOI-451,3.93,10.2,16.364962,714.0,5490.0,43.2,0.0,0
TOI-4552 b,TOI-4552,1.11,1.83,0.30110032,1122.0,3258.0,263.0,0.0,0
TOI-4603 b,TOI-4603,11.67975789,4096.80816623,7.24599,1677.0,6264.0,1192.0,0.0,0
TOI-4666 b,TOI-4666,12.44196858,222.4798849,2.9089168,713.0,3512.0,54.0,0.0,0
TOI-4666 b,TOI-4666,12.53164042,155.41809102,2.9089165,695.0,3793.0,55.6,0.0,0
TOI-469.01,TOI-469,3.41,9.1,13.6308205,716.0,5289.0,74.7,0.0,0
TOI-469.01,TOI-469,3.36,5.8,13.63083,755.0,5240.0,54.1,0.0,0
TOI-469.01,TOI-469,3.48,9.6,13.63083,777.0,5289.0,61.0,0.0,0
TOI-4734 b,TOI-4734,10.9175472,61.65871096,6.235633,1468.0,6070.0,775.0,0.0,0
TOI-4791 b,TOI-4791,12.44196858,734.18362017,4.28088,1472.0,6058.0,783.2,0.0,0
TOI-4794 b,TOI-4794,14.35870428,308.29355479,3.5658116,1673.0,6390.0,1310.0,0.0,0
TOI-4860 b,TOI-4860,8.7,86.7,1.5227591,694.0,3260.0,42.5,0.0,0
TOI-4961 b,TOI-4961,12.34108775,572.0911326,7.479182,919.0,5380.0,115.0,0.0,0
TOI-4994 b,TOI-4994,8.54124329,88.99195396,21.491984,717.6,5640.0,40.0,0.0,0
TOI-500 b,TOI-500,1.166,1.42,0.548177,1617.0,4440.0,1138.0,0.0,0
TOI-5005 b,TOI-5005,6.25,32.7,6.3085044,1040.0,5749.0,226.0,0.0,0
TOI-5007 b,TOI-5007,11.07447293,211.03806225,2.543371,774.0,3793.0,85.3,0.0,0
TOI-512 b,TOI-512,1.54,3.57,7.18886,1009.0,5277.0,127.0,0.0,0
TOI-5181 A b,TOI-5181 A,13.34989601,330.54154328,3.8922295,1585.0,6060.0,1053.0,0.0,0
TOI-519 b,TOI-519,11.87031056,166.85991368,1.26523248,754.0,3354.0,54.0,0.0,0
TOI-5205 b,TOI-5205,11.6,343.0,1.630757,737.0,3430.0,49.0,0.0,0
TOI-521 b,TOI-521,1.98,5.3,1.54285047,794.0,3544.0,66.0,0.0,0
TOI-5210 b,TOI-5210,10.72699453,81.99972901,4.5661061,1286.0,5723.0,456.0,0.0,0
TOI-5218 b,TOI-5218,9.86,657.0,4.291452,783.0,4230.0,62.0,0.0,0
TOI-5292 A b,TOI-5292 A,12.64373023,412.85910069,2.02191,809.0,3919.0,102.0,0.0,0
TOI-5293 A b,TOI-5293 A,11.9,170.4,2.930289,675.0,3586.0,34.6,0.0,0
TOI-5293 A b,TOI-5293 A,10.98480109,158.9142035,2.930289,676.0,3586.0,34.8,0.0,0
TOI-5300 b,TOI-5300,9.86390302,190.6970442,2.262196,1043.0,4610.0,198.0,0.0,0
TOI-532 b,TOI-532,5.82,61.5,2.3266508,867.0,3927.0,94.1,0.0,0
TOI-5322 b,TOI-5322,16.6117094,184.02264765,5.4233207,1350.0,5692.0,554.0,0.0,0
TOI-5340 b,TOI-5340,15.07607904,270.15414595,4.9394392,1566.0,5990.0,1004.0,0.0,0
TOI-5344 b,TOI-5344,9.7,135.0,3.792622,679.0,3770.0,35.0,0.0,0
TOI-5344 b,TOI-5344,10.60369574,130.94530368,3.792622,689.0,3747.0,38.0,0.0,0
TOI-5349 b,TOI-5349,10.2,127.4,3.317921,719.0,3751.0,44.5,0.0,0
TOI-5386 A b,TOI-5386 A,14.70618268,155.10026262,3.62156552,1488.0,6094.0,817.0,0.0,0
TOI-5422 b,TOI-5422,9.10169233,8899.195396,5.377219,1369.0,5820.0,580.0,0.0,0
TOI-5542 b,TOI-5542,11.30986153,419.53349724,75.12375,441.0,5700.0,9.6,0.21474060366341657,0
TOI-5573 b,TOI-5573,9.75,112.0,8.79758977,528.0,3790.0,12.92,0.10011446886446886,0
TOI-5592 b,TOI-5592,17.14974047,285.72773789,2.6085846,1789.0,6237.0,1712.0,0.0,0
TOI-561 b,TOI-561,1.425,2.0,0.4465688,2310.0,5372.0,4745.0,0.0,0
TOI-561 c,TOI-561,2.91,5.39,10.778831,800.0,5372.0,68.2,0.0,0
TOI-561 d,TOI-561,2.82,13.2,25.7124,598.0,5372.0,21.4,0.09855469589512145,0
TOI-561 e,TOI-561,2.55,12.6,77.03,415.0,5372.0,4.96,0.36506769374416437,0
TOI-5616 b,TOI-5616,10.78,624.0,2.002849,939.0,3996.0,137.0,0.0,0
TOI-5634 A b,TOI-5634 A,10.42,588.0,2.2035373,837.0,3896.0,77.0,0.0,0
TOI-564 b,TOI-564,11.43318,464.98529,1.651144,1714.0,5640.0,1423.0,0.0,0
TOI-5688 A b,TOI-5688 A,10.3,124.0,2.94815527,742.0,3713.0,50.3,0.0,0
TOI-5720 b,TOI-5720,1.09,4.3,1.4344555,708.0,3325.0,41.7,0.16166346632529688,0
TOI-5788 b,TOI-5788,1.528,3.72,6.340758,910.0,5615.0,175.1,0.0,0
TOI-5788 c,TOI-5788,2.272,6.4,16.213362,667.0,5615.0,49.8,0.05252836463223781,0
TOI-5916 b,TOI-5916,11.35469745,226.61165419,2.367128,683.0,3613.0,51.7,0.0,0
TOI-6008 b,TOI-6008,1.03,4.0,0.8574347,707.0,3075.0,41.5,0.18431769147788563,0
TOI-6016 b,TOI-6016,13.67495645,371.85923619,4.023687,1890.0,6110.0,940.0,0.0,0
TOI-6034 b,TOI-6034,11.92,254.0,2.576184,714.0,3635.0,43.0,0.0,0
TOI-6038 A b,TOI-6038 A,6.41,78.5,5.8267311,1439.0,6110.0,716.0,0.0,0
TOI-6041 b,TOI-6041,4.55,28.9,26.04945,605.6,5445.0,22.4,0.03520357766032503,0
TOI-6054.01,TOI-6054,2.64,12.5,7.501428,1360.0,6047.0,570.0,0.0,0
TOI-6054.02,TOI-6054,2.82,9.3,12.563636,1143.0,6047.0,285.0,0.0,0
TOI-6130 b,TOI-6130,14.3474953,333.71982735,2.392679,1750.0,6110.0,1150.0,0.0,0
TOI-615 b,TOI-615,18.97680433,138.25535705,4.6615983,1666.0,6850.0,1286.0,0.0,0
TOI-622 b,TOI-622,9.2362001,96.30200732,6.402513,1388.0,6400.0,602.0,0.0,0
TOI-6303 b,TOI-6303,11.59,2493.0,9.485236,541.0,3977.0,14.28,0.07461583114342248,0
TOI-6330 b,TOI-6330,10.89,3179.0,6.8500246,495.0,3539.0,9.97,0.14014257866491273,0
TOI-6383 A b,TOI-6383 A,11.29,331.0,1.79058695,745.0,3444.0,51.3,0.0,0
TOI-654.01,TOI-654,2.378,8.71,1.527561,794.0,3521.0,65.0,0.0,0
TOI-663 b,TOI-663,2.27,4.45,2.598902,674.0,3681.0,49.1,0.06346320953433762,0
TOI-663 c,TOI-663,2.26,3.65,4.6955507,553.0,3681.0,22.3,0.2468795880982207,0
TOI-663 d,TOI-663,1.92,5.2,7.1027268,482.0,3681.0,12.9,0.34449786324786325,0
TOI-6651 b,TOI-6651,5.09,61.0,5.056973,1493.0,5940.0,817.0,0.0,0
TOI-669 b,TOI-669,2.6,9.8,3.94515,1235.0,5600.0,388.2,0.0,0
TOI-672 b,TOI-672,5.31,50.9,3.633581,699.5,3810.0,39.8,0.0,0
TOI-674 b,TOI-674,5.25,23.6,1.977143,635.0,3514.0,38.4,0.0,0
TOI-6894 b,TOI-6894,9.5836785,53.39517238,3.37077196,417.9,3007.0,5.54,0.25650503916561535,0
TOI-7149 b,TOI-7149,13.2,224.0,2.65206166,593.0,3363.0,20.6,0.00045544733044736965,0
TOI-733 b,TOI-733,1.992,5.72,4.884765,1055.8,5585.0,207.1,0.0,0
TOI-756 b,TOI-756,2.81,9.83,1.2392495,934.0,3657.0,127.0,0.0,0
TOI-771 b,TOI-771,1.36,2.47,2.3260155,543.0,3370.0,14.0,0.38787905850599347,0
TOI-776 b,TOI-776,1.85,4.0,8.24661,514.0,3709.0,11.5,0.32327327327327327,0
TOI-776 c,TOI-776,2.02,5.3,15.6653,415.0,3709.0,4.9,0.4287297361811653,0
TOI-782 b,TOI-782,2.734,19.1,8.0240015,435.0,3370.0,5.91,0.3212694739247611,0
TOI-815 b,TOI-815,2.94,7.6,11.197259,686.0,4869.0,36.9,0.0,0
TOI-815 c,TOI-815,2.62,23.5,34.976145,469.0,4869.0,8.03,0.27588088535181277,0
TOI-824 b,TOI-824,2.926,18.467,1.392978,1253.0,4600.0,412.0,0.0,0
TOI-836 b,TOI-836,1.704,4.53,3.81673,871.0,4552.0,78.838,0.0,0
TOI-836.01,TOI-836,2.587,9.6,8.59545,665.0,4552.0,26.707,0.02360332646136669,0
TOI-837 b,TOI-837,9.16894621,120.45696625,8.3249113,995.3,5995.0,164.0,0.0,0
TOI-858 B b,TOI-858 B,14.06727078,349.6112477,3.2797178,1529.0,5842.0,908.9,0.0,0
TOI-905 b,TOI-905,13.125739,211.99261,3.739494,1192.0,5570.0,337.0,0.0,0
TOI-908 b,TOI-908,3.186,16.137,3.183792,1317.0,5626.0,80.884,0.0,0
TOI-912 b,TOI-912,1.93,5.1,4.6780691,551.0,3572.0,15.0,0.248986166141759,0
TOI-954 b,TOI-954,9.550068,55.30242,3.6849729,1526.0,5710.0,1393.0,0.0,0
TOI-969 b,TOI-969,2.765,9.1,1.8237305,941.0,4435.0,188.0,0.0,0
TRAPPIST-1 b,TRAPPIST-1,1.086,0.85,1.51087081,400.1,2559.0,4.25,0.7814182146955988,1
TRAPPIST-1 c,TRAPPIST-1,1.056,1.38,2.4218233,341.9,2559.0,2.27,0.8266211023276242,1
TRAPPIST-1 d,TRAPPIST-1,0.804,0.388,4.049219,286.0,2566.0,1.119,0.8341625609858428,1
TRAPPIST-1 d,TRAPPIST-1,0.772,0.41,4.04961,288.0,2559.0,1.143,0.8329789195501198,1
TRAPPIST-1 e,TRAPPIST-1,0.918,0.62,6.099615,251.3,2559.0,0.662,0.8436834074490791,1
TRAPPIST-1 f,TRAPPIST-1,1.045,0.68,9.20669,219.0,2559.0,0.382,0.8185207336523126,1
TRAPPIST-1 g,TRAPPIST-1,1.127,1.34,12.35294,198.6,2559.0,0.258,0.7659073642435559,1
WASP-102 b,WASP-102,14.90794433,197.68926915,2.709813,1671.0,5990.0,1293.0,0.0,0
WASP-107 b,WASP-107,10.55,30.6,5.7214742,672.5,4425.0,51.0,0.0,0
WASP-110 b,WASP-110,13.19297028,154.78243421,3.7784022,1158.0,5392.0,279.0,0.0,0
WASP-116 b,WASP-116,13.67495645,203.41018048,6.6132,1414.0,6250.0,663.0,0.0,0
WASP-124 b,WASP-124,14.9864072,183.38699084,3.3726511,1481.0,6258.0,748.0,0.0,0
WASP-132 b,WASP-132,10.09929161,136.0305582,7.1335164,682.0,4686.0,58.5,0.0,0
WASP-132 c,WASP-132,1.841,6.26,1.01153624,1329.0,4686.0,791.0,0.0,0
WASP-149 b,WASP-149,15.24421375,314.96795134,1.332813,1855.0,5750.0,1966.0,0.0,0
WASP-151 b,WASP-151,12.66617,98.5273,4.533471,1290.0,5871.0,460.0,0.0,0
WASP-153 b,WASP-153,17.37395,123.9537,3.332609,1700.0,5914.0,1400.0,0.0,0
WASP-154 b,WASP-154,10.76062147,198.96058278,3.811678,994.0,4774.0,162.0,0.0,0
WASP-155 b,WASP-155,13.45077684,276.8285425,3.110413,1468.0,5660.0,771.0,0.0,0
WASP-156 b,WASP-156,5.71659,40.68224,3.836169,970.0,4910.0,150.0,0.0,0
WASP-161 b,WASP-161,12.811887,791.3967,5.4060425,1557.0,6400.0,990.0,0.0,0
WASP-163 b,WASP-163,13.473218,594.3421,1.6096884,1638.0,5500.0,1200.0,0.0,0
WASP-166 b,WASP-166,7.06167,32.10083,5.44354,1270.0,6050.0,440.0,0.0,0
WASP-170 b,WASP-170,12.285064,508.528,2.34478022,1422.0,5600.0,680.0,0.0,0
WASP-173 A b,WASP-173 A,14.403565,1102.8701,1.3866529,1842.0,5767.0,1920.0,0.0,0
WASP-174 b,WASP-174,16.10730527,104.88337431,4.2337005,1528.0,6399.0,901.9,0.0,0
WASP-178 b,WASP-178,21.74546,448.1403,3.3448412,2402.0,8640.0,5550.0,0.0,0
WASP-18 b,WASP-18,13.89913607,3241.8497514,0.94145223,2429.0,6432.0,5805.0,0.0,0
WASP-188 b,WASP-188,14.81827249,458.6263913,5.748916,1666.0,6850.0,1278.0,0.0,0
WASP-19 b,WASP-19,15.86070769,366.77398168,0.78883852,2113.0,5616.0,3320.0,0.0,0
WASP-193 b,WASP-193,14.78464554,35.59678158,6.2463475,1250.0,6080.0,402.0,0.0,0
WASP-193 b,WASP-193,16.40994774,44.17814857,6.2463345,1254.0,6078.0,413.0,0.0,0
WASP-194 b,WASP-194,15.47960235,373.13054982,3.183387,1693.0,6405.0,1365.0,0.0,0
WASP-195 b,WASP-195,10.31226224,33.05415433,5.051928,1522.0,6300.0,890.0,0.0,0
WASP-197 b,WASP-197,14.44837612,403.32424848,5.167228,1665.0,6050.0,1276.0,0.0,0
WASP-2 b,WASP-2,12.116929,295.89973,2.152175,1311.0,5180.0,492.0,0.0,0
WASP-25 b,WASP-25,13.80946422,179.25522155,3.7648337,1217.0,5697.0,341.0,0.0,0
WASP-44 b,WASP-44,12.3299,276.5121,2.423804,1337.0,5420.0,533.0,0.0,0
WASP-45 b,WASP-45,10.603714,306.38812,3.126089,1153.0,5150.0,294.0,0.0,0
WASP-47 b,WASP-47,12.251,357.0,4.159152,1146.0,5476.0,409.0,0.0,0
WASP-47 d,WASP-47,3.58,13.3,9.03101,885.0,5476.0,145.0,0.0,0
WASP-47 e,WASP-47,1.79,7.06,0.78957,1992.0,5476.0,3740.0,0.0,0
WASP-55 b,WASP-55,14.72860064,186.2474465,4.465631,1342.0,6096.0,504.0,0.0,0
WASP-6 b,WASP-6,12.5428494,148.42586607,3.3610026,1167.0,5438.0,288.0,0.0,0
WASP-76 b,WASP-76,20.78145022,284.13859586,1.80988198,2228.0,6329.0,4104.0,0.0,0
WASP-76 b,WASP-76,20.68056939,289.22385037,1.80988158,2231.0,6366.0,4130.0,0.0,0
WASP-77 A b,WASP-77 A,13.78704626,529.81995447,1.36002854,1715.0,5617.0,1440.0,0.0,0
WASP-96 b,WASP-96,13.78704626,149.37935129,3.4252567,1350.0,5678.0,517.0,0.0,0
WD 1856+534 b,WD 1856+534,10.4,4386.054,1.4079405,163.0,4710.0,0.181,0.25530344134573013,0
Wolf 327 b,Wolf 327,1.24,2.53,0.5734745,996.0,3542.0,233.9,0.0,0
Wolf 503 b,Wolf 503,2.043,6.27,6.00127,789.0,4716.0,64.7,0.0,0
XO-7 b,XO-7,15.389957,225.34147,2.8641424,1743.0,6250.0,1540.0,0.0,0
pi Men c,HD 39091,2.042,4.82,6.2679,1169.8,6037.0,309.0,0.0,0
